2015-07-02T18:09:04,162,7561,,3355494989
2019-05-01T09:00:18,5,540,"Napoli, Campania",1123512455848767489
2013-09-18T11:23:17,28,53,mersin,1879078620
2015-05-20T09:29:34,5,20,Mumbai,3221276989
2017-12-19T14:08:29,45,1651,"Huelva, Espa√±a",943120858196922368
2012-03-26T03:24:27,27,55,"Houston, TX",536882615
2017-09-09T11:01:51,518,6485,ÏïÑÎûòÏóê Ïª§ÎØ∏ÏÖò ÏûàÏùå,906472714134622210
2019-11-14T00:36:28,4,18,,1194775970848235522
2006-09-05T04:35:04,553,31533,Barcelona. Or traveling.,5308
2019-09-24T22:34:03,31,127,,1176625836604051456
2006-09-20T14:51:21,1125,231,madrid,6486
2012-03-26T03:30:45,85,370,"Donna, Tx",536886214
2015-10-02T11:03:20,66,12601,,3758161452
2017-02-24T18:44:35,348,5475,"Fort Chiswell, VA",835198757667028992
2017-12-19T12:23:17,0,2,,943094383213207552
2018-11-30T13:54:17,79,3957,,1068503483492397057
2017-12-19T05:11:21,6,758,"New York, NY",942985685241298945
2011-03-18T20:09:35,3821,8823,kenya,268450453
2006-11-04T05:18:50,127,1221,"Huntington Beach, Ca.",11453
2017-07-23T18:13:54,2,7658,,889186824350040066
2006-11-15T12:06:52,814,26890,"Perth, Western Australia",12485
2017-04-14T08:32:55,105,2685,Limbuwan Nepal,852801831591845888
2006-11-21T07:32:03,9559,1609,"Honolulu, HI",13455
2015-10-23T20:07:16,1814,9364,"Birmingham, England",4026582736
2016-11-16T12:18:42,350,58889,"Kansas City, MO",798862858666803200
2020-01-02T09:37:46,1,123,,1212669216521736192
2018-05-18T15:05:08,285,1873,"Zeytinburnu, ƒ∞stanbul",997493293985517568
2018-02-06T08:19:45,0,186,,960790103206461440
2017-12-20T04:45:16,303,21245,,943341508920578053
2015-05-20T11:06:51,77,49977,‡∏ö‡∏ô‡πÇ‡∏•‡∏Å,3221259954
2020-04-12T04:44:25,96,35388,,1249196507720491008
2012-11-10T17:36:29,45,54,,939553867
2020-04-13T03:50:17,1,42,,1249545339461414912
2017-06-02T13:16:41,203,19986,,870630248492130304
2020-12-17T19:48:14,20,104,,1339658515129004035
2011-03-18T20:17:57,1161,4148,"Bristol, England",268453658
2020-02-23T17:24:47,50,584,,1231630948455911432
2018-11-30T16:06:36,4,1597,,1068536785729286144
2013-10-21T21:50:20,38,19,Espa√±a,2147540799
2020-12-15T04:07:54,1,1845,,1338697110993006593
2017-10-30T07:12:06,207,779,licking your dad's balls,924896676703174656
2019-04-29T04:12:07,3,3,Dehradun,1122715158923497472
2014-12-31T01:49:22,875,15551,GBK,2952845844
2020-02-21T05:38:09,4,41,,1230728354233380867
2010-04-17T21:40:34,6,17,New York,134244298
2011-11-01T12:34:38,6,576,,402680484
2016-09-28T00:47:37,5,1,"Riverdale, Bronx",780931935526854657
2012-03-26T03:42:57,1614,12415,chicago,536893490
2020-02-23T21:33:37,305,147,18+ SUBSCRIBE,1231693558475894784
2019-11-13T14:20:47,62,206,,1194621065202286592
2006-11-30T19:08:21,509,502,London,32813
2020-04-12T03:40:21,0,0,,1249180480915701760
2013-04-10T15:48:49,166,2844,"Florian√≥polis, Brasil",1342232006
2011-03-18T21:14:22,195,3757,"ƒ∞stanbul, T√ºrkiye",268474460
2013-01-09T13:33:51,349,702,‡§ö‡§ø‡§§‡§¨‡§® ‡§≠‡§∞‡§§‡§™‡•Å‡§∞ ‡•¨ ‡§ó‡•Ä‡§§‡§æ‡§®‡§ó‡§∞ ,1073793782
2020-01-02T05:04:44,1,1924,,1212600401481981960
2020-04-13T15:00:28,96,2764,location,1249714047790039040
2017-07-23T00:29:08,197,130,Venezuela,888918868722372608
2011-11-01T12:50:57,413,32273,,402689444
2019-06-19T01:50:44,4,385,,1141161356940447745
2020-12-17T19:41:50,10,25,,1339657031620431872
2019-06-20T00:57:47,17,3232,taekook,1141510420878057473
2017-07-24T03:41:30,1071,6382,"Mendoza, Argentina",889329666640809986
2020-07-21T17:44:40,11,60,"Niter√≥i, Brasil",1285631683144941568
2010-04-17T22:58:25,2241,925,mexico,134262248
2016-05-01T17:13:53,17,834,·ö∫·õñ·õö·ö∫·õñ·õÅ·õó,726821958076252161
2012-03-26T04:06:41,324,6452,Elm Street WA,536906624
2019-03-12T07:55:02,97,39886,"Bruxelles, Belgique",1105376640891318273
2018-08-24T12:04:11,17,11,Brantford ON,1032961768505540608
2019-08-07T11:35:09,0,33,,1159065438682173440
2020-01-02T15:02:07,26,752,supaul Bihar,1212750830027173888
2014-03-28T13:45:36,209,441,Gent,2415929634
2017-12-20T05:19:28,353,7045,,943350113619140609
2020-10-27T10:08:40,2,0,,1321030905478090752
2015-07-02T17:21:41,107,4294,Unknown,3355445560
2006-12-08T10:45:41,939,2291,"London, England",50153
2011-03-18T21:58:14,394,10068,"Athens, GA",268490383
2020-02-22T23:54:12,136,129,"Chicago, IL",1231366573891424256
2012-11-10T18:00:35,111,104,,939586602
2020-01-02T21:28:27,2,208,,1212848109157404672
2017-01-06T02:20:54,18,221,,817194200131371008
2021-03-26T20:00:42,2,0,,1375538143244476422
2016-09-27T02:12:06,91,14599,"Bulacan, Central Luzon",780590810299441152
2017-10-30T22:08:41,92,203,,925122310260035584
2020-07-21T08:31:51,46,45,,1285492583247028225
2019-09-26T19:26:43,8,37,,1177303422187520000
2014-03-28T13:57:11,2,59,,2415948314
2019-11-13T14:52:49,130,160,The ‚ÄòBurj City üìç,1194629107796983808
2013-06-02T05:03:39,142,2654,,1476444103
2013-01-09T13:34:25,139,13103,ƒ∞stanbul,1073785506
2014-06-06T14:29:31,88273,273,"Los Angeles, CA",2550166808
2019-09-26T12:29:27,6,11,,1177198420706115584
2013-10-21T21:29:53,550,2609,,2147512947
2020-02-22T20:06:32,123,4232,,1231309257821294595
2017-02-24T05:16:36,1686,9326,,834995418882789378
2020-12-18T00:55:03,8,1408,,1339735819708489730
2020-02-21T02:46:42,200,55,"Cave Creek, AZ",1230685162028974080
2010-04-18T00:39:57,5970,13,Bogot√° D.C. / Colombia,134285389
2020-04-11T22:59:43,0,15,,1249109845883535364
2020-04-12T03:17:06,0,0,,1249174597481558016
2017-07-23T03:47:27,80,60044,"New York, NY",888968778255667201
2018-02-08T04:07:56,73,34700,,961451506426892288
2012-03-26T05:24:29,547,161,"Blitar, Jawa Timur",536948177
2021-07-04T16:52:53,1,49,,1411729594844069888
2021-02-03T07:10:27,131,5,,1356862563909210118
2020-12-17T04:11:23,2725,53365,she/her | 17,1339422885841154048
2011-03-18T22:33:54,221,279,Wolverhampton,268503283
2018-07-05T09:17:48,50,4047,,1014800502511398912
2014-12-31T10:26:05,582,3288,Pozoblanco (C√≥rdoba) Espa√±a,2952900262
2016-08-07T16:25:12,206,3372,Yo momma house üòó,762323718995529729
2020-04-13T15:17:04,62,478,he/him | 19,1249718223840387079
2016-06-21T02:26:38,45,2741,"S√£o Jos√©, Brasil",745080455687450625
2018-10-12T05:49:34,61,30274,19 she/her,1050624496304979968
2017-01-05T18:56:37,63,4068,Ÿé,817082393005883393
2020-12-17T04:49:33,1,830,Per√∫ ,1339432451270205442
2020-02-23T16:13:26,1,16,,1231612929591644162
2013-04-10T16:13:18,896,19786,mansoura . egypt,1342268442
2019-09-26T20:34:45,3,53,,1177320574810566656
2016-03-12T11:59:59,1,0,India,708623568397938688
2017-07-22T05:19:57,170,742,"Indian Springs Village, AL",888629665488748544
2019-09-26T03:05:58,86,1909,,1177056636856233984
2011-03-18T23:25:18,171,548,Espa√±a,268521861
2020-09-09T09:06:05,60,157,"Mzantsi, South Africa",1303620609415487488
2017-06-03T11:12:58,99,9065,"London, England",870961503347892229
2014-06-06T15:08:24,786,45673,,2550255992
2020-04-11T07:57:08,0,0,,1248882694861160449
2018-07-06T02:24:57,192,69,"Calpulalpan, Tlaxcala",1015058992836628481
2010-04-18T02:02:08,13,404,Eastern US,134306240
2013-01-09T13:41:10,2093,2199,Itali√´,1073812616
2013-07-21T14:40:27,9,47,Trans nzoia county,1610692375
2014-12-31T02:18:21,675,22940,shanikoleen,2952915458
2015-10-07T18:43:53,200,1290,,3892425929
2020-04-11T14:03:31,0,130,,1248974799092584448
2013-04-10T16:07:49,12603,1695,El Salvador,1342255830
2020-06-01T05:03:28,0,19,,1267320800354480129
2014-03-16T20:31:13,147,742,,2416048246
2021-02-05T08:06:37,5,146,,1357601392639229953
2010-04-18T02:14:49,1311,19762,French America,134309410
2012-11-10T18:12:11,78,460,,939608292
2020-05-31T13:47:31,35,1662,,1267090270132162560
2021-05-13T09:56:49,3,195,"Patna, India",1392780813175975940
2014-12-31T11:02:51,3,825,,2952907211
2011-11-01T14:25:25,569,2805,,402744511
2020-01-03T05:05:01,1,0,,1212962984097509377
2017-06-03T14:22:18,5562,69246,"Uttar Pradesh, India",871009147151687680
2021-05-14T23:07:02,6,21,,1393342052927254531
2018-03-28T10:35:33,1436,24375,,978943667384631298
2017-01-05T23:31:15,230,22227,Portugal,817151503592984577
2011-03-19T00:20:10,212,5601,,268541403
2020-06-01T03:33:39,108,9655,,1267298074071896064
2018-05-18T08:26:55,0,6,,997393080587255808
2020-06-01T10:22:04,81,302,,1267400955852709895
2017-01-05T00:05:48,156,7369,"Avondale, AZ",816797810888556544
2020-02-23T14:05:25,0,18,,1231580742972530688
2018-08-25T00:42:59,50,2171,"C√≥rdoba, Argentina",1033152726241366016
2011-11-01T15:02:18,243,1477,,402766307
2016-06-19T18:16:13,340,10348,,744594649117921280
2020-09-08T07:45:10,43,3,,1303237812670656512
2020-06-01T10:41:08,99,14823,"Charon, Plutosystem",1267405758431461382
2013-04-10T16:23:21,416,4607,"Texas, USA",1342307744
2017-09-10T16:44:51,21,418,,906921419703013376
2016-04-30T06:27:49,80,3756,"Âè∞ÂçóÂ∏Ç, Âè∞ÁÅ£",726296982747156482
2014-03-28T14:25:40,8,276,"Bras√≠lia, Brasil",2415994399
2018-05-18T11:44:08,9,45,"Lahore, Pakistan",997442711484534784
2019-01-20T04:55:36,38,323,,1086849704065814529
2018-12-03T12:26:32,161,4520,"Maumelle, AR",1069568566662438913
2018-10-14T15:30:07,3,487,,1051495373133504514
2011-11-01T15:16:59,6,157,West Vancouver,402775082
2020-06-01T13:19:24,0,2,,1267445527010070529
2011-11-01T15:12:31,4,0,,402772413
2021-02-04T22:18:35,1,0,,1357453444303507457
2014-10-09T06:36:38,2944,2717,üèé‚õΩÔ∏èüöÄ,2818664333
2020-02-23T08:08:13,0,1,,1231490837093195778
2013-10-21T19:21:19,334,294,"Charlton, SE7",2147571020
2016-01-21T07:31:19,48,653,"Banten, Indonesia",4831967265
2011-11-01T15:06:09,48,405,colombia,402768591
2015-05-20T10:46:50,32,2287,,3221298650
2015-05-20T10:48:33,26,58,"Islamabad, Pakistan",3221299334
2020-01-03T08:52:52,1,18,Maldives,1213020308220694530
2020-09-08T14:01:26,1,1,,1303332534013616129
2018-07-05T20:09:06,1421,54911,"Orange County, California",1014964406650671104
2018-02-06T22:28:01,84,28789,United States,961003575831941120
2020-09-07T18:49:51,38,2044,"California, USA",1303042716331208704
2021-02-04T05:47:02,9,296,,1357203227159089153
2016-01-02T18:35:29,157,169,,4697746434
2017-01-05T14:29:06,412,8518,"Mount Dora, FL",817015066843381761
2019-05-01T15:48:12,59,12769,"Rio de Janeiro, Brasil",1123615107311906816
2016-06-19T18:50:59,28,45,Skull Town,744603397160996864
2010-04-18T04:46:42,202,39140,"Edinburg, Texas",134346599
2018-05-18T09:31:04,997,16427,Costa Leona,997409222684950528
2016-03-11T14:09:15,1590,1555,,708293714507079680
2015-04-29T13:50:15,7,145,U.P .   Allahabad,3221407809
2017-09-11T12:45:51,3095,109577,,907223664470368256
2019-09-25T02:36:09,4,4177,,1176686756420292608
2020-07-20T15:58:06,367,9097,"she/her, 17 ",1285242519110868993
2020-04-12T02:36:21,58,25,,1249164383378440192
2010-04-18T05:32:07,436,3903,"Quintana Roo, M√©xico",134356845
2020-02-21T00:12:38,214,104966,,1230646426255925249
2020-09-09T15:02:26,242,15932,,1303709783808122880
2016-11-16T10:27:01,7,41,,798834752937566212
2011-03-19T02:07:29,339,1204,Kuwait,268579531
2011-11-01T15:58:34,48,79,,402800016
2019-11-13T17:27:22,19,665,,1194668060734578689
2018-03-27T17:55:09,6,17,,978691911837016064
2010-04-18T05:40:01,5,92,Chicago,134358515
2011-03-19T01:54:39,40,316,"Midland, Michigan",268574915
2019-06-18T20:15:58,3,149,"Elizabeth City, NC",1141077113170255874
2020-09-07T13:01:06,7,211,,1302954875257577474
2011-03-19T02:00:35,271,3052,,268577100
2012-11-10T18:32:52,2053,2821,,939656246
2014-07-27T08:48:57,688,7547,plm,2684526384
2018-05-18T00:09:45,404,7507,"Pahoa, HI",997267962015854592
2019-04-30T02:08:55,66,356,,1123046543031001089
2013-10-21T19:58:39,103,117,venezuela caracas,2147665914
2018-02-07T00:09:02,33,414,,961028997072089089
2017-04-13T19:22:37,18,1321,,852602944004517889
2011-11-01T16:03:46,150,88,"Manhattan, NY",402802962
2020-06-01T04:56:17,17,769,"West Java, Indonesia",1267318952176152576
2010-04-18T06:51:17,257,3421,,134373044
2020-01-04T17:22:11,35,7522,,1213510918979538945
2010-04-18T06:38:34,126,1774,"San Diego, CA",134370459
2021-10-09T13:08:09,2,9,,1446824696046047239
2018-05-15T16:16:40,28,132,Brasil,996424130059755522
2011-03-19T02:55:57,130,318,Philippines,268596528
2019-08-06T12:35:44,207,13742,"Wiesbaden, Deutschland",1158718294460903424
2020-12-16T05:15:20,0,0,,1339076534041276416
2015-09-20T06:21:41,7057,4789,‡§∂‡§ø‡§µ‡§™‡§æ‡§≤‡§ó‡§Ç‡§ú,3624056245
2020-04-12T19:49:03,0,115,,1249424074012418048
2020-07-20T10:53:24,49,23,"Manistique, MI",1285165819719299072
2011-11-01T16:19:53,48,11060,„ÅØ„Å∞„Çø„É≥,402812492
2019-09-26T16:06:52,29,174,Fai Chai Station BL03 ,1177253168519897088
2020-01-04T03:00:56,333,29899,,1213294132786950144
2017-04-13T21:49:49,761,131443,,852639991050252289
2018-03-27T21:21:41,1192,1137,,978743886981074945
2020-09-07T15:49:50,67,28796,,1302997475024924672
2020-01-04T13:10:32,3,124,,1213447582036328448
2021-07-02T12:03:14,3,29,,1410932016195977222
2020-07-19T22:51:13,180,777,,1284984101263626242
2013-04-10T16:43:19,59,1734,"Marseille, France",1342357801
2021-07-02T20:16:22,0,11,,1411056089882374144
2019-06-17T15:58:07,80,562,,1140649835193872399
2019-08-06T11:34:32,1123,2326,here,1158702895124111360
2019-09-26T12:53:15,126,14784,,1177204443189669888
2017-04-13T20:07:29,279,7743,baradero ,852614234802462720
2010-04-18T08:29:51,1348,131302,Pakistan,134392546
2020-05-31T08:40:30,768,3885,India,1267013008636751872
2013-02-22T12:09:21,4,18,,1208148032
2020-05-30T13:51:03,17,448,,1266728781257019397
2021-03-26T08:27:39,712,7746,,1375363756432052227
2011-11-01T16:45:56,56,503,,402827531
2020-12-16T05:19:41,7,1628,United States of America,1339077617849421824
2020-07-20T10:00:18,18,655,,1285151906978058240
2012-09-05T22:01:06,573,49506,,805472718
2021-02-05T08:12:41,160,974,,1357602951712313344
2019-11-15T13:06:27,81,177,,1195327168026304513
2021-10-09T18:36:49,25,700,,1446907428524670979
2015-12-09T18:41:41,11,870,,4429368743
2020-12-16T11:28:46,196,8111,,1339170563626049537
2011-03-19T04:13:31,5,8567,,268622673
2018-10-12T09:40:19,11,243,"Ghaziabad, India",1050682568557899776
2015-03-15T22:23:33,117,4660,,3087165679
2011-03-19T03:55:17,1104,369,"Magelang, Jawa Tengah",268616627
2012-03-26T09:16:12,572,1618,Australia,537065065
2010-04-18T09:21:08,258,313,"Melbourne, Victoria",134402392
2020-10-27T12:52:52,234,14596,,1321072216755347456
2013-02-22T12:08:38,45,304,,1208129292
2020-01-04T10:23:28,0,354,,1213405512026320897
2021-02-05T09:23:04,0,97,,1357620596377485314
2020-04-12T22:04:24,6,17,,1249458274702741504
2020-07-21T05:27:34,85,72652,,1285446220282916864
2017-06-03T07:36:15,70,16,Johor Terengganu Selangor,870906964913471488
2020-01-03T22:36:59,1734,274376,Somewhere Safe,1213227727492222976
2020-02-22T00:43:04,1027,20976, she/her ‚òÜ 18 ‚òÜ carrd!,1231016438628044802
2017-09-09T16:05:41,50,1479,Paraguay,906549175290081285
2021-03-24T20:32:21,0,218,,1374821358836797442
2020-04-12T08:21:45,8,1748,,1249251303450001409
2019-09-26T13:33:43,34,772,,1177214622664814592
2020-09-08T10:46:26,2,0,,1303283373146734595
2013-02-22T12:16:36,139,632,,1208175662
2013-10-21T20:17:57,6,205,,2147714832
2019-01-20T11:46:44,6,518,Venezuela,1086953166875316224
2020-06-02T03:09:57,11,38,,1267654593267130369
2018-10-14T17:08:52,30,1681,,1051520222606188544
2018-03-29T06:01:53,84,2712,"Jawa Tengah, Indonesia",979237184912875520
2010-04-18T11:00:41,9,292,Digital World,134422016
2010-04-18T10:43:33,10,62,"New Orleans, LA",134418670
2020-04-13T14:40:57,2,100,,1249709115019915272
2016-08-08T14:57:51,175,1340,,762664124279054336
2021-03-25T11:12:16,81,921,Nawan shaher kabir wala khanew,1375042439862435841
2020-01-04T17:00:39,22,838,,1213505462223556608
2020-04-13T01:34:13,11,184,"Coatzacoalcos, Veracruz de Ign",1249511083473158144
2016-09-26T13:03:08,177,3511,,780392257853788161
2020-04-13T00:14:11,0,1,,1249490972959854593
2020-01-04T17:50:57,27,9961,"National Capital Region, Repub",1213518130766417920
2015-03-15T23:03:08,36,1682,,3087240001
2014-01-08T10:29:49,212,11810,ÂíåÊ≠åÂ±±Áúå ÂíåÊ≠åÂ±±Â∏Ç,2281946676
2012-09-05T22:22:51,14,121,instituto de quimica unam,805505322
2016-03-13T19:39:16,90,6300,"California, USA",709101540275912706
2014-12-31T12:07:01,74,3026,,2953023226
2020-10-26T22:08:17,18,663,,1320849722685509635
2012-11-10T19:29:50,225,2379,,939752604
2010-04-18T12:00:18,245,593,,134434642
2010-04-18T11:45:47,434,6968,,134431254
2016-01-02T18:53:32,55,5053,,4697838852
2019-03-10T13:30:38,40,2572,,1104736319652220928
2020-04-10T17:17:58,3,3,,1248661479081082881
2016-03-12T16:24:28,0,1389,,708690127774679040
2016-05-01T06:09:36,533,9017,Santa fe,726654786540560384
2020-04-13T03:36:10,0,76,,1249541826983284736
2011-11-01T17:53:56,3,121,,402867771
2021-05-15T06:23:25,12,49,"New Delhi, India",1393451896313024525
2019-09-25T10:01:53,321,28597,Peak District,1176798615890792448
2014-01-08T10:42:02,14,753,"Bhubaneshwar, India",2281959120
2021-02-03T19:52:39,0,61,,1357054376746041348
2011-11-01T18:14:19,414,315,Milano,402879682
2020-12-16T05:37:01,82,527,,1339081651494776835
2014-12-31T13:07:43,5,82,,2953036401
2013-10-22T00:38:36,205,13725,,2147743109
2020-04-11T23:29:58,251,18250,,1249116295313924096
2021-10-11T13:12:05,437,1602,üáµüá≠,1447550538673909761
2011-03-19T06:22:57,290,154,,268660360
2019-03-11T01:52:11,60,420,,1104922935846936581
2010-04-18T13:06:33,188,278,"Pichincha, Ecuador",134450293
2011-11-01T18:33:09,54,3624,"Missouri, USA",402890617
2011-03-19T07:04:04,72,30,,268671605
2012-03-26T10:47:25,46,266,"Noida, India",537111898
2013-01-09T14:49:56,279,2709,"Dyer, IN",1073991740
2020-07-19T15:38:59,6,17,Dehaag,1284875221829394433
2017-07-22T00:49:56,73,724,"Michigan, USA",888561714140250118
2016-03-12T20:08:19,134,361,,708746464592322560
2018-03-29T18:20:20,51,44986,"Kota,India",979423024926441472
2015-03-15T22:49:13,2137,729,"Melbourne, Victoria",3087214327
2021-02-03T12:18:21,7,22,,1356940046327283713
2018-07-05T12:17:21,666,476,"New Hampshire, USA",1014845686641242112
2018-07-05T10:10:39,220,1921,"Southampton, England",1014813803756838914
2019-09-25T16:19:21,104,19648,"Dublin City, Ireland",1176893913698852865
2020-09-07T02:27:32,2523,8862,,1302795565659574272
2018-10-14T15:26:17,1,31,,1051494406497263621
2018-05-17T13:12:50,629,82972,,997102645906046976
2018-03-28T14:33:41,144,10361,"General Trias, Calabarzon",979003596808204289
2021-05-16T03:23:43,92,1081,ot7,1393768982608367618
2013-04-10T17:22:44,6,1030,,1342434404
2013-04-10T17:19:31,59,37030,,1342435207
2020-12-15T07:46:17,29,1141,,1338750246181101568
2020-02-23T11:50:23,188,21825,„Éê„Éº„ÉÅ„É£„É´Èñ¢Ë•ø,1231546669788844032
2014-06-06T15:58:03,23,8,,2550353946
2020-05-30T17:55:10,3,5,,1266790217945677824
2020-04-13T02:36:17,15,15662,"New York, NY",1249526691518492673
2017-10-30T11:00:22,26,6,India,924954121219710977
2013-01-09T14:47:59,7,30,Italia,1073976228
2021-03-26T02:40:48,8,216,,1375276422969880583
2016-06-21T17:13:04,90,1997,"Tejupilco, M√©xico",745303534275432448
2018-05-16T19:13:42,61,934,,996831070023712770
2016-03-14T07:33:09,18,6635,"‡∏Å‡∏£‡∏∏‡∏á‡πÄ‡∏ó‡∏û‡∏°‡∏´‡∏≤‡∏ô‡∏Ñ‡∏£, ‡∏õ‡∏£‡∏∞‡πÄ‡∏ó‡∏®‡πÑ‡∏ó‡∏¢",709281195805134848
2014-07-27T08:48:12,169,69,,2684568145
2014-06-06T16:02:45,267,632,,2550365520
2019-09-25T13:49:34,139,118,"Dallas, TX",1176856215697145856
2020-09-07T12:46:57,356,3726,"„Ö§ 
2016-03-12T14:41:18,14,493,,708664167918604289
2020-05-31T04:53:09,694,3752,,1266955709746421767
2011-03-19T08:12:02,289,708,,268690542
2014-01-08T10:13:20,88,18,Reino Unido,2281930578
2020-12-15T18:41:44,0,6,,1338917113445183499
2018-08-25T22:07:20,86,318,"Detroit, MI",1033475941186453504
2010-04-18T14:46:43,74,592,"S√£o Paulo, Brasil",134477806
2010-04-18T15:02:48,81,1195,,134482653
2014-12-31T05:45:32,137,35279,BadBitchville,2953098690
2020-09-03T18:17:16,27,75,,1301584972621332481
2020-04-07T17:41:43,156,318,,1247580275288100865
2016-11-13T09:31:31,83,237,,797733623046795264
2021-01-31T04:29:09,243,5194,,1355734775558889478
2019-12-30T09:25:16,41,435,"Rajasthan, India",1211578901626937345
2020-12-14T17:27:34,0,0,,1338536063544020993
2012-03-26T09:11:16,2269,13427,,537148005
2019-06-16T00:48:42,60,2051,nini's s‚ô°ul. | ùêüùêöùê¶(ùê¢ùê•ùê≤).,1140058583553445890
2017-07-18T13:04:59,20,800,"Perth, Western Australia",887297145442664449
2010-04-18T15:31:05,123,1571,,134490939
2011-03-19T09:26:21,5998,3670,Sede Inspectorial en Madrid,268711494
2019-11-11T13:04:31,44,1921," BASTA, MALAYO ",1193877105462824960
2014-06-06T16:26:10,11,1344,,2550444949
2015-07-02T21:52:04,11,58,"Boca Raton, FL",3355764352
2014-06-06T16:25:09,243,2713,,2550442363
2019-03-08T21:38:37,1,744,Galt Valley,1104134349249748992
2017-02-19T14:32:29,496,28490,in my dreams,833323375229427716
Karya ùôÇùôÑùôá.",1247815895180705792
2020-02-19T19:16:03,138,598,,1230209379779084288
2012-11-10T19:44:31,100,7242,"M√ºnster, Germany",939788204
2020-10-25T22:18:41,7,2,"Cali, Colombia",1320489949247033345
2017-07-19T13:57:52,359,748,Global,887672842606714880
2021-05-11T13:15:02,169,27635,,1392105787527335945
2017-05-31T20:04:54,460,9636,"Paran√°, Brasil",870008203815333889
2020-04-09T03:07:06,2,1,,1248084935421890562
2018-10-10T20:02:40,262,10268,fenerbahce,1050114410285535233
2018-03-25T15:20:11,193,728,"Houston, TX",977928137265819648
2011-11-01T19:50:23,1947,114,"Cedar Falls, IA",402935673
2019-06-16T18:39:29,3,2,,1140328057183637506
2019-08-03T13:53:51,154,97,Pilipinas,1157650792955822082
2015-07-02T22:51:03,8,20,,3355748415
2010-04-18T16:28:48,785,224184,,134507318
2011-11-01T20:11:32,0,0,"Lyon, France",402947580
2019-09-21T17:48:45,43,69,,1175466859811893248
2020-10-25T11:55:26,80,6934,,1320333062278873090
2011-03-19T10:32:27,55,24,,268730058
2019-12-30T12:42:33,27,620,,1211628585808588800
2020-02-18T00:42:51,0,19,,1229566779925520384
2015-03-11T17:38:25,14,103,"brescia,It.",3087322943
2010-04-18T16:35:06,506,1398,"Detroit, Michigan ",134509098
2021-01-31T18:43:21,55,4327,,1355949751154339843
2017-04-10T00:04:04,0,7,,851224222055583744
2021-10-09T01:44:34,41,685,·üµ ìè≤ ‡¨Ø(‡©≠ ·ê¢..·ê¢)‡©≠  √©l ella ‡£™ ‚≠í ‚åï,1446652755620339714
2020-05-28T21:16:39,0,10,,1266116157993562118
2019-04-27T19:41:02,178,3048,,1122224152625197057
2015-12-15T07:03:12,67,8193,,4563704815
2021-10-08T05:02:24,12,253,,1446340083745968159
2017-09-08T13:35:59,1540,2631,"Borough Park, Brooklyn",906149115058413573
2020-05-29T12:20:42,2,368,"Diamantina, Brasil",1266343648721018880
2011-11-01T20:19:46,54,1067,"O‚ÄôFallon, IL",402952185
2016-06-16T01:35:08,297,1577,,743255555490209792
2021-02-02T20:52:53,1,2,,1356707129982394369
2011-11-01T20:38:33,100,53555,istanbul,402962677
2020-07-18T15:47:40,3,127,,1284515130831765505
2010-04-18T17:32:29,12109,6163,Caracas,134524600
2019-06-14T11:15:32,9,1,,1139491554991587328
2017-12-14T13:37:16,13,3645,India,941301060018118656
2016-11-14T04:14:35,163,4286,Canada,798016252564406272
2016-11-13T17:22:40,175,18230,"Goi√¢nia, Brasil",797852190585004032
2010-04-18T17:46:24,0,28,Moscow,134528322
2021-08-18T09:18:49,30,708,"Cianjur, Indonesia",1427922866020896774
2017-06-01T14:39:44,164,409,"Philadelphia, PA",870288759937527808
2012-03-26T12:32:39,45,57,Schweiz,537173449
2020-10-25T23:21:14,0,7,,1320505621582667778
2011-03-19T11:45:34,393,1143,"DKI Jakarta, Indonesia",268751853
2013-04-10T17:44:11,550,2271,Ghana,1342478066
2019-08-03T12:28:53,1162,15051,,1157629409655844864
2019-12-30T12:54:05,0,7,"Liverpool, England",1211631480750784514
2020-07-17T18:29:43,12,426,üá™üá¶üá´üá∑,1284193474020024325
2015-05-20T14:36:11,260,3405,"Kepulauan Riau, Indonesia",3221492198
2020-12-13T02:48:55,333,1563,antirain,1337952579351846913
2011-03-19T11:35:25,8,27,,268748687
2019-08-05T23:22:27,462,1508,,1158518657804394496
2018-03-26T01:53:25,3,3207,,978087493840056321
2011-11-01T21:07:26,137,6,DC Metro Area,402978865
2010-04-18T18:31:27,1536,5647,Oxford,134540013
2010-04-18T18:34:25,20,1411,,134540744
2013-10-22T01:05:47,407,15972,"North Brunswick, NJ",2147772634
2016-11-14T02:48:02,359,19615,"Philadelphia, PA",797994469564026880
2019-09-24T14:58:29,2,31,,1176511113464373250
2017-12-15T01:05:02,43,154083,she/her,941474144381579264
2017-07-18T11:05:08,100,358,"Magetan, Indonesia",887266984034840580
2020-02-20T03:02:08,1,97,,1230326659766681601
2019-08-04T18:15:30,126,6007,"Akure, Nigeria",1158079026025639937
2019-01-17T21:06:17,21,185,"Kano, Nigeria",1086006821029056513
2021-03-21T14:26:47,252,835,Indonesia,1373642187511009285
2019-01-19T04:58:46,3388,10157,"New York, NY",1086488110769295360
2020-04-09T12:24:17,19,140,,1248225112282877954
2019-06-16T20:19:17,5,54,CDMX,1140353171065311235
2020-04-08T14:41:46,1,0,,1247897372992004104
2012-09-05T23:52:57,381,4223,"Newport Beach, California",805650168
2015-05-20T17:17:55,632,14005,"california, usa",3221606844
2018-02-04T16:56:57,56,4706,,960195484848656389
2020-09-04T11:44:04,65,29718,,1301847588128223232
2017-05-31T10:04:15,202,709,"Cambridge, England",869857046870577152
2019-11-12T14:26:41,678,6256,,1194260164066631680
2017-02-21T21:23:10,54,8744,,834151499819266048
2014-01-14T18:56:43,1,258,,2282072891
2020-04-08T17:46:51,4,19,,1247943729110847488
2019-04-25T14:41:22,32,3033,,1121423964381728768
2020-02-20T06:15:31,2,20,,1230375375835930624
2014-03-28T18:31:29,462,5848,Venezuela,2416295628
2021-03-24T03:41:57,801,1063,,1374567026979696647
2011-03-19T12:45:37,18,8,sur city Oman middle east,268772457
2019-11-12T19:15:40,45,4592,,1194332881755217920
2019-12-31T11:27:50,6,1077,,1211972163864944640
2014-05-17T01:12:58,13,64,,2550506836
2012-03-26T13:42:22,969,1437,Canada,537223211
2016-03-10T17:01:31,14,743,,707974676551749633
2017-07-20T13:17:26,67,672,,888025053547421696
2020-05-28T19:11:55,16,997,,1266084756413976576
2011-11-01T21:50:04,216,5239,"Chicago, Il",403002425
2010-04-18T20:06:14,80,2834,"Hawaii, USA",134563635
2020-12-13T19:31:21,76,55,NJ,1338204780502671362
2020-04-08T23:30:53,3,122,"Adelaide, Australia",1248030561001566209
2016-09-25T04:13:58,1425,31637,ela,779896701305950208
2018-10-11T14:46:28,64,82,"England, United Kingdom",1050397226231582720
2020-12-13T20:21:23,951,3688,,1338217436429094914
2018-05-15T03:53:48,375,3035,"Medell√≠n, Colombia",996237182884032512
2011-03-19T13:39:03,497,40419,Philadelphia Area,268792693
2016-03-10T17:50:49,282,676,"Bouches-du-Rh√¥ne, Provence-Alpes-C√¥te d'Azur",707987085651800064
2018-02-04T20:12:52,2074,50844,"Princess Anne , MD",960244786912481280
2020-05-28T00:12:12,1184,3151,jeno put my heart ,1265797859711913985
2019-12-30T14:16:48,0,0,,1211652278324625408
2010-04-18T21:00:18,91,1394,,134576726
2021-07-01T04:11:05,4,24,"ƒ∞stanbul, T√ºrkiye",1410450738535448581
2021-02-02T13:29:35,3,254,,1356595535457697793
2019-01-18T02:46:40,47,45,"St Louis, MO",1086092480125325312
2020-09-05T05:37:59,23,108,"London, England",1302118715723599878
2019-06-14T16:27:35,78,1806,,1139570088200175617
2014-12-31T05:19:36,76,11384,Bhubaneswar,2953130989
2020-12-12T16:29:30,2,0,,1337796666670292993
2016-04-29T11:43:16,4,34,,726013982654476288
2020-04-09T11:43:51,2,2,"Santos, Brasil",1248214964080447490
2013-09-18T13:13:49,28,815,India,1879441328
2016-01-02T19:22:49,16,4035,,4697983626
2013-06-02T08:30:33,1084,83,ŸÖÿ≠ÿßŸÅÿ∏ÿ© ŸÖŸäÿ≥ÿßŸÜ  _ ŸÖÿ±ŸÉÿ≤ ÿ£ÿ®Ÿàÿ±ÿßŸÉÿ©,1476775298
2018-11-29T08:21:35,64,1433,"North West, England",1068057369131851776
2020-04-09T15:41:57,11,1,,1248274935916756999
2016-09-24T03:39:34,39,20175,‡∏î‡∏≤‡∏ß‡πÄ‡∏ô‡∏õ‡∏à‡∏π‡∏ô ,779525656799383552
2015-11-20T00:40:58,88,955,"Dallas, TX ",4295336292
2010-04-18T21:56:01,65,2,argentin,134589540